ip_address,tmp_id
192.168.196.11,9
192.168.196.100,9
192.168.128.205,9
192.168.196.10,9
192.168.196.12,9
192.168.196.13,9
192.168.196.14,9
192.168.196.15,9
192.168.196.16,9
192.168.196.21,10
192.168.196.22,10
192.168.196.31,11
192.168.196.30,11
192.168.196.32,11
192.168.196.33,11
192.168.196.34,11
192.168.196.35,11
192.168.196.41,12
192.168.196.42,12
192.168.196.40,12
192.168.196.43,12
192.168.196.44,12
192.168.196.45,12
192.168.196.46,12
192.168.196.51,13
192.168.196.52,55
192.168.196.216,14
192.168.196.217,14
192.168.196.53,14
192.168.196.218,14
192.168.196.219,14
192.168.196.220,13
192.168.196.54,73
192.168.196.211,15
192.168.196.212,15
192.168.196.55,15
192.168.196.213,15
192.168.196.214,15
192.168.196.215,15
192.168.128.204,26
192.168.196.56,26
192.168.196.221,16
192.168.196.222,16
192.168.196.57,16
192.168.196.223,16
192.168.196.224,16
192.168.196.225,16
192.168.196.58,57
192.168.196.180,17
192.168.196.181,17
192.168.196.182,17
192.168.196.183,17
192.168.196.184,17
192.168.196.185,17
192.168.196.59,17
192.168.196.76,17
192.168.196.186,17
192.168.196.187,17
192.168.196.188,17
192.168.196.189,17
192.168.196.190,18
192.168.196.191,18
192.168.196.60,18
192.168.196.192,18
192.168.196.193,18
192.168.196.61,18
192.168.196.194,18
192.168.196.195,18
192.168.196.196,18
192.168.196.197,18
192.168.196.130,19
192.168.196.131,19
192.168.196.62,19
192.168.196.132,19
192.168.196.133,19
192.168.196.63,19
192.168.196.134,19
192.168.196.135,19
192.168.196.136,19
192.168.196.137,19
192.168.196.81,8
192.168.196.84,8
192.168.128.207,8
192.168.196.82,8
192.168.196.85,8
192.168.196.83,8
192.168.196.86,8
192.168.196.231,4
192.168.196.232,4
192.168.196.233,4
192.168.196.234,4
192.168.196.64,4
192.168.196.235,4
192.168.196.236,4
192.168.196.237,4
192.168.196.238,4
192.168.196.65,4
192.168.196.239,4
192.168.196.242,4
192.168.196.241,4
192.168.196.244,4
192.168.196.243,4
192.168.196.240,4
192.168.196.66,4
192.168.196.245,4
192.168.196.246,4
192.168.196.247,4
192.168.196.248,4
192.168.196.249,4
192.168.196.250,4
192.168.196.140,5
192.168.196.141,5
192.168.196.142,5
192.168.196.143,5
192.168.196.67,5
192.168.196.144,5
192.168.196.145,5
192.168.196.146,5
192.168.196.147,5
192.168.196.68,5
192.168.196.148,5
192.168.196.149,5
192.168.196.150,5
192.168.196.151,5
192.168.196.69,5
192.168.196.152,5
192.168.196.153,5
192.168.196.154,5
192.168.196.155,5
192.168.196.156,5
192.168.196.157,5
192.168.196.160,6
192.168.196.161,6
192.168.196.163,6
192.168.196.162,6
192.168.128.70,6
192.168.196.164,6
192.168.196.165,6
192.168.196.166,6
192.168.196.167,6
192.168.128.71,6
192.168.196.168,6
192.168.196.169,6
192.168.196.170,6
192.168.196.171,6
192.168.128.72,6
192.168.196.172,6
192.168.196.173,6
192.168.196.174,6
192.168.196.175,6
192.168.196.110,1
192.168.196.111,1
192.168.196.112,1
192.168.196.113,1
192.168.196.73,1
192.168.196.114,1
192.168.196.115,1
192.168.196.116,1
192.168.196.117,1
192.168.196.74,1
192.168.196.118,1
192.168.196.119,1
192.168.196.120,1
192.168.196.121,1
192.168.196.75,1
192.168.196.122,1
192.168.196.123,1
192.168.196.124,1
192.168.196.125,1
192.168.196.126,1
192.168.196.127,1
192.168.196.90,7
192.168.196.91,7
192.168.196.92,7
192.168.196.93,7
192.168.196.94,7
192.168.196.95,7
192.168.196.96,7
192.168.196.97,7
192.168.196.98,7
192.168.196.99,7
192.168.196.198,7
192.168.196.199,7
192.168.195.101,47
192.168.195.28,47
192.168.195.102,47
192.168.195.111,48
192.168.195.112,48
192.168.195.10,48
192.168.195.29,48
192.168.195.113,48
192.168.195.114,48
192.168.195.115,48
192.168.195.121,51
192.168.195.122,51
192.168.195.123,51
192.168.195.124,51
192.168.195.31,51
192.168.195.125,51
192.168.195.126,51
192.168.195.127,51
192.168.195.128,51
192.168.195.131,52
192.168.195.132,52
192.168.195.133,52
192.168.195.34,52
192.168.195.134,52
192.168.195.135,52
192.168.195.136,52
192.168.195.141,49
192.168.195.142,49
192.168.195.35,49
192.168.195.143,49
192.168.195.144,49
192.168.195.145,49
192.168.195.146,49
192.168.195.36,75
192.168.195.161,75
192.168.195.162,75
192.168.195.163,75
192.168.195.151,53
192.168.195.152,53
192.168.195.153,53
192.168.195.37,53
192.168.195.154,53
192.168.195.155,53
192.168.195.156,53
192.168.195.157,53
192.168.195.164,75
192.168.195.165,75
192.168.195.166,75
192.168.195.25,45
192.168.195.167,45
192.168.195.169,45
192.168.195.173,45
192.168.195.176,45
192.168.195.179,45
192.168.195.178,45
192.168.195.177,45
192.168.195.170,45
192.168.195.172,45
192.168.195.171,45
192.168.195.168,45
192.168.195.174,45
192.168.195.180,45
192.168.195.175,45
192.168.196.128,1
192.168.195.200,48
192.168.129.114,21
192.168.129.116,21
192.168.129.118,21
192.168.129.119,21
192.168.129.10,21
192.168.129.11,21
192.168.129.110,21
192.168.129.112,21
192.168.129.111,21
192.168.129.113,21
192.168.129.115,21
192.168.129.117,21
192.168.129.12,2
192.168.129.13,2
192.168.129.14,2
192.168.129.121,2
192.168.129.120,2
192.168.129.122,2
192.168.129.123,2
192.168.129.124,2
192.168.129.125,2
192.168.129.126,2
192.168.129.127,2
192.168.129.128,2
192.168.129.129,2
192.168.129.130,2
192.168.129.131,2
192.168.129.132,2
192.168.129.133,2
192.168.129.134,2
192.168.129.135,2
192.168.129.136,2
192.168.129.137,2
192.168.129.138,24
192.168.129.139,24
192.168.129.140,24
192.168.129.141,24
192.168.129.142,24
192.168.129.143,24
192.168.129.15,24
192.168.129.144,24
192.168.129.145,24
192.168.129.146,24
192.168.129.147,24
192.168.129.16,24
192.168.129.148,24
192.168.129.149,24
192.168.129.150,24
192.168.129.151,24
192.168.195.137,52
192.168.129.152,25
192.168.129.153,25
192.168.129.154,25
192.168.129.17,25
192.168.129.156,25
192.168.129.157,25
192.168.129.158,25
192.168.129.159,25
192.168.129.18,25
192.168.129.160,25
192.168.129.161,25
192.168.129.162,25
192.168.129.163,25
192.168.129.19,25
192.168.129.164,25
192.168.129.165,25
192.168.129.166,25
192.168.129.167,25
192.168.129.168,25
192.168.129.169,25
192.168.129.155,25
192.168.195.190,46
192.168.195.189,46
192.168.195.191,46
192.168.195.27,46
192.168.195.188,46
192.168.195.187,46
192.168.195.186,46
192.168.195.185,46
192.168.195.26,46
192.168.195.184,46
192.168.195.183,46
192.168.195.182,46
192.168.195.181,46
192.168.129.21,27
192.168.129.170,27
192.168.129.171,27
192.168.129.172,27
192.168.129.173,27
192.168.129.174,27
192.168.129.175,27
192.168.129.20,27
192.168.129.176,27
192.168.129.177,27
192.168.129.178,27
192.168.129.179,27
192.168.129.180,27
192.168.129.181,27
192.168.129.182,27
192.168.129.183,27
192.168.129.184,27
192.168.129.185,27
192.168.129.186,23
192.168.129.187,23
192.168.129.188,23
192.168.129.189,23
192.168.129.190,23
192.168.129.191,23
192.168.129.192,23
192.168.129.193,23
192.168.129.210,28
192.168.129.211,28
192.168.129.212,28
192.168.129.213,28
192.168.129.194,23
192.168.129.195,23
192.168.129.196,23
192.168.129.23,23
192.168.129.197,23
192.168.129.198,23
192.168.129.199,23
192.168.129.200,23
192.168.129.201,23
192.168.129.202,23
192.168.129.203,23
192.168.129.222,30
192.168.129.223,30
192.168.129.224,30
192.168.129.225,30
192.168.129.226,32
192.168.129.227,32
192.168.129.228,32
192.168.129.229,32
192.168.129.230,65
192.168.129.231,65
192.168.129.232,65
192.168.129.233,65
192.168.130.107,71
192.168.130.108,71
192.168.130.109,71
192.168.130.110,71
192.168.130.10,33
192.168.130.101,33
192.168.130.102,33
192.168.130.103,33
192.168.130.104,33
192.168.130.105,33
192.168.130.106,33
192.168.130.111,72
192.168.130.112,72
192.168.130.113,72
192.168.130.114,72
192.168.129.234,29
192.168.129.235,29
192.168.129.236,29
192.168.129.237,29
192.168.129.238,31
192.168.129.239,31
192.168.129.240,31
192.168.129.241,31
192.168.195.201,45
192.168.144.192,50
192.168.144.193,50
192.168.144.194,50
192.168.144.195,50
192.168.129.242,22
192.168.129.245,22
192.168.129.243,22
192.168.129.244,22
192.168.129.24,22
192.168.129.246,22
192.168.129.247,22
192.168.129.25,22
192.168.129.248,22
192.168.129.249,22
192.168.129.250,22
192.168.129.251,22
192.168.129.252,22
192.168.129.253,22
192.168.128.209,76
192.168.130.210,34
192.168.130.211,34
192.168.130.212,34
192.168.130.213,34
192.168.130.214,34
192.168.130.215,66
192.168.130.216,66
192.168.130.217,66
192.168.130.218,66
192.168.130.219,66
192.168.130.220,67
192.168.130.221,67
192.168.130.222,67
192.168.130.223,67
192.168.130.224,67
192.168.129.30,32
192.168.130.11,71
192.168.130.225,35
192.168.130.226,35
192.168.130.227,35
192.168.130.228,35
192.168.130.229,35
192.168.130.230,35
192.168.130.14,35
192.168.130.231,34
192.168.130.241,36
192.168.130.232,36
192.168.130.233,36
192.168.130.15,36
192.168.130.234,37
192.168.130.235,37
192.168.130.236,37
192.168.128.202,37
192.168.130.16,37
192.168.130.237,37
192.168.130.238,37
192.168.130.239,38
192.168.130.240,38
192.168.130.242,39
192.168.130.243,39
192.168.130.17,39
192.168.130.244,39
192.168.131.110,40
192.168.131.11,40
192.168.131.113,40
192.168.196.87,59
192.168.130.245,70
192.168.130.247,67
192.168.131.12,41
192.168.131.13,42
192.168.131.14,42
192.168.131.116,41
192.168.131.117,41
192.168.131.118,41
192.168.131.119,41
192.168.131.120,41
192.168.131.121,41
192.168.131.122,41
192.168.131.123,41
192.168.131.124,41
192.168.131.125,41
192.168.131.126,42
192.168.131.127,42
192.168.131.128,42
192.168.131.129,42
192.168.131.130,42
192.168.131.131,42
192.168.131.132,42
192.168.131.133,42
192.168.131.134,42
192.168.131.135,42
192.168.131.136,43
192.168.131.137,43
192.168.131.138,43
192.168.131.139,43
192.168.131.140,43
192.168.131.141,43
192.168.131.142,43
192.168.131.143,43
192.168.131.144,43
192.168.131.145,43
192.168.131.15,43
192.168.131.16,43
192.168.131.146,64
192.168.131.147,64
192.168.131.148,64
192.168.131.149,64
192.168.131.150,64
192.168.131.17,64
192.168.131.153,35
192.168.131.155,35
192.168.131.151,35
192.168.131.159,63
192.168.131.160,68
192.168.131.162,69
192.168.131.163,69
192.168.131.164,69
192.168.131.165,69
192.168.131.166,69
192.168.131.167,69
192.168.131.168,69
192.168.131.169,69
192.168.131.170,69
192.168.131.171,69
192.168.131.172,69
192.168.131.18,69
192.168.131.19,69
192.168.131.173,69
